step,wall_time,mean_speed,mean_nnd,global_polarity,flock_radius,mean_reward
1,2.097,0.4733,2.23502,0.07413,9.78716,0.49671
2,2.249,0.46969,2.27301,0.13202,9.79654,0.49956
3,2.325,0.46833,2.31845,0.19553,9.81794,0.50435
4,2.408,0.46921,2.3379,0.25462,9.85127,0.50832
5,2.485,0.47272,2.38508,0.31357,9.89677,0.51296
6,2.57,0.47721,2.43935,0.3739,9.95401,0.52167
7,2.702,0.48401,2.49199,0.42848,10.02103,0.52671
8,2.897,0.49112,2.49037,0.47877,10.09809,0.52992
9,3.002,0.50013,2.5064,0.52694,10.18427,0.53457
10,3.092,0.51032,2.54432,0.56638,10.27903,0.53538
11,3.183,0.52202,2.62376,0.61188,10.38108,0.54417
12,3.284,0.53294,2.69963,0.65076,10.49083,0.55194
13,3.372,0.54416,2.7628,0.68558,10.60692,0.55994
14,3.472,0.55628,2.81772,0.71469,10.73005,0.55785
15,3.573,0.56734,2.82832,0.74051,10.85959,0.56535
16,3.664,0.57783,2.83808,0.75818,10.99692,0.56221
17,3.753,0.58889,2.86376,0.77839,11.1415,0.56963
18,3.846,0.5996,2.93509,0.79162,11.29394,0.56776
19,3.94,0.61113,2.99506,0.80842,11.45363,0.57058
20,4.019,0.62114,3.0361,0.82118,11.61899,0.57613
21,4.102,0.63065,3.06105,0.83453,11.78673,0.58163
22,4.196,0.63986,3.08405,0.84632,11.95659,0.58737
23,4.293,0.64821,3.12487,0.85534,12.12888,0.59205
24,4.387,0.65722,3.17236,0.86301,12.30337,0.59691
25,4.465,0.66272,3.23998,0.87117,12.47754,0.59246
26,4.545,0.66929,3.32181,0.87803,12.65353,0.5969
27,4.643,0.67722,3.39075,0.8847,12.82931,0.60158
28,4.736,0.68437,3.43912,0.89156,13.00482,0.6059
29,4.815,0.69037,3.4945,0.89721,13.18019,0.60977
30,4.895,0.69581,3.54624,0.90273,13.35337,0.61315
31,4.972,0.7015,3.60872,0.90822,13.5236,0.61501
32,5.053,0.70722,3.6536,0.91197,13.69195,0.61405
33,5.132,0.71326,3.68299,0.91497,13.85954,0.61648
34,5.21,0.71815,3.71184,0.91898,14.02474,0.61502
35,5.294,0.72248,3.73142,0.92209,14.18634,0.61532
36,5.386,0.72721,3.76048,0.92516,14.34434,0.61585
37,5.467,0.73248,3.79484,0.92789,14.49851,0.61826
38,5.561,0.73683,3.82693,0.93194,14.64864,0.62076
39,5.655,0.74104,3.85519,0.93507,14.79403,0.62116
40,5.735,0.74528,3.87939,0.93717,14.93542,0.62137
41,5.817,0.74982,3.90836,0.9398,15.07272,0.62214
42,5.911,0.75279,3.94203,0.94212,15.20606,0.62371
43,6.011,0.75593,3.9706,0.94461,15.33487,0.62519
44,6.107,0.75967,4.00249,0.94644,15.46031,0.6255
45,6.202,0.76183,4.03125,0.94779,15.58127,0.62504
46,6.292,0.76633,4.05409,0.94979,15.69837,0.62425
47,6.391,0.76864,4.07392,0.95166,15.81156,0.62514
48,6.486,0.771,4.08869,0.95361,15.92207,0.62595
49,6.583,0.7737,4.09201,0.95469,16.02905,0.62694
50,6.677,0.77717,4.0926,0.95646,16.13121,0.62689
51,6.764,0.78168,4.09386,0.95774,16.22877,0.62521
52,6.859,0.78579,4.09915,0.95888,16.32181,0.62564
53,6.953,0.78881,4.10611,0.96034,16.4101,0.6254
54,7.048,0.79149,4.11842,0.9611,16.49522,0.624
55,7.142,0.79478,4.13657,0.96274,16.57635,0.62375
56,7.238,0.799,4.15139,0.96329,16.65418,0.62279
57,7.334,0.80101,4.16748,0.96409,16.72745,0.6217
58,7.429,0.80387,4.18458,0.96466,16.79531,0.62008
59,7.524,0.80459,4.19985,0.9653,16.85935,0.62121
60,7.619,0.80819,4.2049,0.96614,16.91856,0.62237
61,7.714,0.81201,4.20819,0.96714,16.9729,0.62152
62,7.809,0.8169,4.20545,0.96745,17.02291,0.6195
63,7.904,0.81939,4.19662,0.96796,17.06813,0.61838
64,7.999,0.82196,4.17463,0.96874,17.10811,0.61953
65,8.093,0.82543,4.14814,0.96908,17.14471,0.61859
66,8.187,0.82824,4.12242,0.96925,17.17694,0.61927
67,8.286,0.83126,4.10204,0.96984,17.2033,0.61814
68,8.378,0.83474,4.08296,0.97012,17.22554,0.61537
69,8.472,0.83604,4.07274,0.97024,17.24359,0.61675
70,8.569,0.83776,4.06629,0.97023,17.25706,0.61564
71,8.664,0.83949,4.05205,0.97043,17.26646,0.61311
72,8.76,0.84229,4.02787,0.97004,17.27088,0.6118
73,8.857,0.84323,4.00793,0.97009,17.27303,0.61327
74,8.95,0.84579,3.98307,0.96982,17.27008,0.61235
75,9.046,0.84735,3.96643,0.96961,17.26229,0.61148
76,9.14,0.84928,3.95527,0.96931,17.24981,0.61053
77,9.236,0.85101,3.94941,0.96888,17.23317,0.60895
78,9.33,0.85253,3.94214,0.96868,17.21146,0.60818
79,9.423,0.85493,3.92178,0.96817,17.18456,0.60575
80,9.522,0.85515,3.89735,0.96773,17.15389,0.60684
81,9.618,0.85535,3.8708,0.96755,17.11876,0.6063
82,9.723,0.85557,3.8493,0.96698,17.07774,0.61044
83,9.814,0.8552,3.8348,0.96665,17.03379,0.61001
84,9.907,0.85592,3.81031,0.96593,16.9854,0.60932
85,10.003,0.85451,3.77946,0.96529,16.93373,0.60918
86,10.097,0.85386,3.74791,0.96418,16.8789,0.60886
87,10.192,0.85385,3.71077,0.96349,16.82202,0.61168
88,10.288,0.85169,3.68622,0.96284,16.76311,0.61154
89,10.383,0.84983,3.67662,0.96235,16.70036,0.61151
90,10.478,0.84938,3.67138,0.9613,16.63431,0.60984
91,10.574,0.84906,3.67332,0.96056,17.43318,0.61425
92,10.668,0.8486,3.68216,0.95995,17.36669,0.61417
93,10.762,0.84892,3.68978,0.95878,18.22624,0.61815
94,10.858,0.84859,3.70069,0.95824,18.15859,0.61816
95,10.953,0.84727,3.69822,0.95755,18.09037,0.61565
96,11.047,0.84604,3.68692,0.95688,18.02027,0.61578
97,11.142,0.84432,3.67002,0.95607,19.92369,0.61391
98,11.237,0.84054,3.6588,0.95511,23.97438,0.61802
99,11.333,0.8389,3.63485,0.95398,23.90792,0.6186
100,11.428,0.83672,3.61126,0.95257,27.04118,0.61618
101,11.524,0.83325,3.58841,0.95131,28.09487,0.61341
102,11.618,0.83127,3.56654,0.9502,31.37802,0.61503
103,11.714,0.82807,3.52545,0.94968,34.67599,0.62149
104,11.808,0.8246,3.48145,0.94844,36.78846,0.62255
105,11.905,0.82021,3.43664,0.94731,39.98247,0.62333
106,12.0,0.8159,3.38623,0.9461,42.104,0.62409
107,12.093,0.8127,3.34923,0.94471,51.04485,0.62339
108,12.188,0.81097,3.31855,0.94366,54.56608,0.62408
109,12.282,0.8081,3.30618,0.94255,56.98395,0.62397
110,12.377,0.80608,3.29766,0.9417,64.23272,0.62625
111,12.473,0.80453,3.27917,0.94141,68.00323,0.62777
112,12.567,0.802,3.26093,0.9407,69.60036,0.62937
113,12.661,0.80168,3.24556,0.93973,70.02887,0.63105
114,12.762,0.79977,3.22219,0.93969,69.44054,0.63902
115,12.851,0.79816,3.18342,0.93964,68.30651,0.64019
116,12.946,0.79442,3.1489,0.93907,66.99618,0.64323
117,13.04,0.79281,3.1306,0.93818,64.80887,0.6417
118,13.135,0.79295,3.12104,0.93806,60.06203,0.64199
119,13.23,0.79281,3.1124,0.93774,57.93105,0.64221
120,13.328,0.79355,3.09619,0.93728,50.2059,0.64182
121,13.428,0.79254,3.08732,0.93736,48.37402,0.6451
122,13.539,0.7932,3.07812,0.93716,45.35299,0.64546
123,13.634,0.79303,3.05665,0.93657,42.20471,0.64161
124,13.723,0.79276,3.03447,0.93593,37.68594,0.64166
125,13.822,0.79202,3.00984,0.93615,34.15498,0.64172
126,13.916,0.79156,2.99342,0.93612,32.99605,0.64249
127,14.015,0.79101,2.98102,0.93574,31.82244,0.64598
128,14.109,0.79069,2.97689,0.93612,31.88581,0.64635
129,14.203,0.78916,2.97257,0.93604,30.72964,0.64877
130,14.299,0.78853,2.96256,0.93602,28.47727,0.65034
131,14.394,0.79011,2.94489,0.93582,27.30107,0.65036
132,14.487,0.79009,2.92461,0.93598,26.12866,0.65057
133,14.578,0.7894,2.90429,0.93648,22.70104,0.651
134,14.674,0.78849,2.88087,0.936,21.58288,0.65081
135,14.77,0.78905,2.84685,0.93633,20.47517,0.65086
136,14.864,0.78836,2.80991,0.93629,20.49819,0.65105
137,14.96,0.78683,2.77787,0.93637,17.46245,0.65167
138,15.056,0.78592,2.74867,0.93639,17.47454,0.65218
139,15.149,0.78518,2.73979,0.93633,16.54451,0.65272
140,15.238,0.78426,2.74454,0.93645,16.55374,0.65224
141,15.335,0.78516,2.75737,0.93687,15.77162,0.65232
142,15.429,0.78488,2.76291,0.93738,15.77846,0.65395
143,15.524,0.78229,2.7656,0.93779,14.94792,0.65468
144,15.618,0.78184,2.76886,0.93808,14.95208,0.65375
145,15.713,0.78142,2.7601,0.9386,14.95781,0.65408
146,15.809,0.78253,2.74433,0.93886,14.96499,0.65331
147,15.901,0.78053,2.7274,0.93901,14.97324,0.65381
148,15.999,0.77916,2.71975,0.93961,14.98334,0.65452
149,16.093,0.77781,2.71879,0.93969,14.99447,0.65531
150,16.187,0.77667,2.71327,0.93971,14.22887,0.65659
151,16.277,0.77535,2.70491,0.94019,13.4993,0.65731
152,16.371,0.77549,2.68734,0.94091,13.50182,0.65808
153,16.45,0.77405,2.66079,0.941,13.50746,0.65928
154,16.546,0.77255,2.63351,0.94146,13.51629,0.65973
155,16.647,0.77094,2.6079,0.94118,13.5276,0.66019
156,16.742,0.76965,2.58396,0.94197,13.54134,0.66057
157,16.841,0.76949,2.54665,0.94265,13.55679,0.66025
158,16.935,0.77098,2.50705,0.94347,13.57389,0.65961
159,17.031,0.77268,2.47143,0.9442,13.5921,0.65943
160,17.125,0.77302,2.43997,0.94503,13.61147,0.65918
161,17.221,0.77553,2.41218,0.94601,13.63322,0.65834
162,17.316,0.7762,2.39404,0.94662,13.65743,0.65801
163,17.411,0.77437,2.375,0.94718,13.68312,0.65844
164,17.5,0.7732,2.3611,0.94796,13.71013,0.65874
165,17.593,0.77201,2.35241,0.94821,13.73897,0.65927
166,17.688,0.77226,2.34003,0.94867,13.77109,0.65952
167,17.782,0.77242,2.33138,0.94904,13.80523,0.66011
168,17.877,0.7728,2.32374,0.95003,13.84094,0.65981
169,17.97,0.77077,2.31263,0.95072,13.87782,0.66025
170,18.066,0.7705,2.30851,0.95145,13.91517,0.66043
171,18.16,0.76895,2.30656,0.95183,13.95328,0.66139
172,18.26,0.76823,2.30345,0.9527,13.99117,0.66166
173,18.357,0.7675,2.29747,0.95366,14.02943,0.66286
174,18.457,0.76779,2.28387,0.95449,14.06827,0.66295
175,18.566,0.76626,2.26971,0.95467,14.10852,0.66343
176,18.676,0.76521,2.25312,0.95552,14.14936,0.66343
177,18.767,0.76541,2.23297,0.95608,14.19029,0.66412
178,18.861,0.76424,2.2183,0.95692,14.2317,0.66528
179,18.951,0.76213,2.20783,0.95722,14.27126,0.6667
180,19.046,0.75911,2.19618,0.95785,14.31257,0.66777
181,19.132,0.75733,2.18377,0.9584,14.35378,0.66951
182,19.22,0.75746,2.16599,0.95853,14.39555,0.67022
183,19.303,0.75621,2.15167,0.95937,14.43722,0.6724
184,19.391,0.75631,2.13826,0.96043,14.47841,0.67257
185,19.486,0.75539,2.12872,0.96082,14.51888,0.6723
186,19.583,0.75454,2.11853,0.96176,14.5593,0.67402
187,19.683,0.75414,2.1071,0.96195,14.59889,0.67492
188,19.779,0.75206,2.10384,0.96179,14.63683,0.67632
189,19.875,0.75058,2.10719,0.96231,14.67282,0.67826
190,19.968,0.74923,2.11351,0.96262,14.70632,0.68
191,20.064,0.74897,2.11199,0.96306,14.73828,0.6803
192,20.157,0.74915,2.10214,0.96316,14.77038,0.68054
193,20.255,0.74866,2.08539,0.9634,14.80159,0.6815
194,20.341,0.74889,2.06866,0.96433,14.83069,0.68254
195,20.438,0.7497,2.05018,0.9648,14.85914,0.68358
196,20.535,0.75072,2.02867,0.96519,14.88721,0.68399
197,20.628,0.75092,2.00272,0.96514,14.9143,0.68519
198,20.724,0.75098,1.97603,0.96532,14.94098,0.68727
199,20.814,0.75193,1.95379,0.96581,14.96718,0.68905
200,20.9,0.75169,1.93279,0.96653,14.99195,0.69011
201,20.992,0.75406,1.91565,0.96679,15.01506,0.69025
202,21.091,0.75413,1.89813,0.96716,15.037,0.69109
203,21.183,0.7563,1.88061,0.96745,15.05756,0.69186
204,21.277,0.75701,1.86661,0.96776,15.07576,0.69234
205,21.372,0.75931,1.86862,0.96807,15.09366,0.69231
206,21.468,0.76078,1.87721,0.96839,15.11073,0.69267
207,21.563,0.76178,1.88683,0.96882,15.12643,0.69346
208,21.658,0.76234,1.89355,0.96899,15.14082,0.69379
209,21.752,0.76319,1.8899,0.9695,16.0727,0.694
210,21.849,0.76353,1.8879,0.97021,20.21839,0.69375
211,21.944,0.76368,1.89299,0.97077,23.62269,0.69364
212,22.038,0.76433,1.89237,0.97114,27.15086,0.69318
213,22.134,0.76429,1.87879,0.97164,42.0806,0.69337
214,22.229,0.76485,1.87815,0.97192,56.1878,0.69314
215,22.323,0.76689,1.88048,0.97186,61.20748,0.69243
216,22.417,0.76539,1.87879,0.97208,67.78425,0.6924
217,22.513,0.76582,1.87578,0.97241,69.00951,0.69167
218,22.607,0.76778,1.87852,0.97262,69.65007,0.69052
219,22.704,0.76915,1.8718,0.97294,69.73785,0.68815
220,22.797,0.77173,1.86017,0.97339,69.8168,0.68638
221,22.891,0.77324,1.85467,0.97344,69.66734,0.68413
222,22.987,0.77492,1.84675,0.97388,69.48138,0.68091
223,23.082,0.77854,1.83682,0.97398,69.37177,0.67831
224,23.174,0.78195,1.83217,0.97446,67.7505,0.67686
225,23.272,0.78436,1.82453,0.97462,67.09611,0.67459
226,23.367,0.78844,1.82132,0.9751,64.99416,0.67286
227,23.464,0.79026,1.82243,0.97532,62.8905,0.67123
228,23.556,0.79267,1.82439,0.97562,61.71748,0.66935
229,23.653,0.79503,1.83381,0.97584,57.61335,0.66831
230,23.748,0.79721,1.8385,0.97619,56.07072,0.66773
231,23.843,0.80005,1.8431,0.97649,54.45523,0.66656
232,23.938,0.80255,1.84869,0.97727,52.77839,0.6656
233,24.035,0.80406,1.84848,0.97732,49.15106,0.66536
234,24.136,0.80546,1.84966,0.97764,44.17982,0.66465
235,24.233,0.80691,1.85346,0.978,36.50002,0.6644
236,24.327,0.80893,1.85901,0.97823,33.06245,0.66349
237,24.422,0.81109,1.86429,0.97831,33.06741,0.66236
238,24.531,0.81264,1.86672,0.97832,29.60474,0.66119
239,24.625,0.81443,1.86776,0.9783,28.45959,0.66013
240,24.721,0.8175,1.87686,0.97838,26.21813,0.65897
241,24.833,0.82003,1.88464,0.97885,22.93809,0.65822
242,24.926,0.82358,1.89014,0.97928,22.94159,0.65779
243,25.016,0.82547,1.89866,0.97904,21.89745,0.658
244,25.113,0.82758,1.90363,0.97937,20.90362,0.65707
245,25.212,0.83175,1.90779,0.97974,20.90468,0.65677
246,25.307,0.83495,1.90995,0.98021,20.90545,0.65692
247,25.397,0.83686,1.89972,0.98029,19.11205,0.65666
248,25.489,0.83836,1.889,0.98013,18.26365,0.65778
249,25.583,0.84025,1.87523,0.98048,17.45592,0.65829
250,25.677,0.84397,1.85465,0.98095,17.44927,0.65819
251,25.773,0.84715,1.83396,0.98107,17.44062,0.65746
252,25.868,0.85068,1.81808,0.98158,17.43131,0.65623
253,25.966,0.85202,1.80939,0.98176,17.42192,0.65643
254,26.059,0.85339,1.79981,0.98169,17.4104,0.65555
255,26.154,0.85468,1.79641,0.98168,17.39646,0.65599
256,26.248,0.85604,1.80404,0.98189,16.12615,0.65451
257,26.343,0.8565,1.8171,0.98232,16.11007,0.65638
258,26.437,0.85659,1.82613,0.98259,16.09341,0.6543
259,26.534,0.85695,1.83571,0.98304,16.07559,0.65637
260,26.629,0.85702,1.8432,0.98288,16.05524,0.65501
261,26.722,0.85612,1.85038,0.98291,16.03225,0.65542
262,26.818,0.85699,1.85989,0.98304,15.49078,0.65456
263,26.914,0.85609,1.87376,0.98301,15.46288,0.65081
264,27.006,0.85436,1.88473,0.98321,15.00448,0.65331
265,27.099,0.85373,1.89434,0.98333,14.97322,0.65384
266,27.194,0.85429,1.89723,0.98339,14.93827,0.65421
267,27.289,0.85465,1.89582,0.9835,14.90084,0.6541
268,27.388,0.85428,1.88804,0.98342,14.86111,0.65507
269,27.479,0.85582,1.88298,0.98337,14.81818,0.65398
270,27.573,0.85466,1.88463,0.98363,14.77278,0.65369
271,27.669,0.85504,1.89044,0.98329,14.72375,0.64899
272,27.765,0.85335,1.88967,0.98329,14.67136,0.65026
273,27.865,0.85249,1.87889,0.98301,14.61543,0.64923
274,27.96,0.85315,1.86588,0.98226,14.55493,0.64812
275,28.057,0.85347,1.85562,0.98217,14.49109,0.64734
276,28.15,0.85405,1.84642,0.98213,14.4235,0.64664
277,28.243,0.85623,1.84151,0.9821,14.35251,0.64575
278,28.338,0.85592,1.84168,0.98184,14.27861,0.64542
279,28.432,0.85573,1.84117,0.98132,14.20022,0.64522
280,28.527,0.85541,1.84152,0.98094,14.11753,0.64513
281,28.621,0.85528,1.84378,0.98067,14.03098,0.64735
282,28.717,0.8574,1.84701,0.98012,13.94045,0.64714
283,28.812,0.85961,1.8559,0.98005,13.84662,0.64582
284,28.906,0.86004,1.86749,0.97955,13.74919,0.64555
285,29.005,0.86023,1.88048,0.97873,13.64703,0.64408
286,29.122,0.86012,1.88981,0.97798,13.54087,0.6419
287,29.206,0.85913,1.89845,0.97734,13.43157,0.64228
288,29.305,0.85967,1.90096,0.97684,13.31882,0.64259
289,29.403,0.86017,1.90025,0.97585,13.20348,0.64372
290,29.495,0.85924,1.90068,0.97532,13.08444,0.64462
291,29.587,0.85867,1.8998,0.97472,12.96314,0.6455
292,29.682,0.85905,1.89645,0.97391,12.83848,0.64564
293,29.777,0.86055,1.88926,0.97321,12.71178,0.64441
294,29.872,0.8609,1.87991,0.97222,12.58264,0.64387
295,29.966,0.85895,1.87366,0.97134,12.45075,0.64248
296,30.061,0.85781,1.87111,0.97057,12.31729,0.64313
297,30.153,0.8569,1.87064,0.96975,12.18139,0.64206
298,30.249,0.85578,1.86877,0.96904,12.04425,0.64236
299,30.341,0.85625,1.86564,0.96834,11.90533,0.64148
300,30.436,0.85635,1.85935,0.96727,11.7645,0.6418
301,30.534,0.85601,1.85046,0.9666,11.62244,0.64242
302,30.627,0.85564,1.8411,0.96592,11.47931,0.64307
303,30.721,0.85489,1.83675,0.96527,11.33467,0.64383
304,30.801,0.85434,1.82989,0.96422,11.18843,0.64457
305,30.894,0.85395,1.82066,0.96354,11.04136,0.6451
306,30.974,0.85298,1.80312,0.96278,10.89334,0.64598
307,31.068,0.85062,1.77592,0.96243,10.74657,0.64723
308,31.148,0.84837,1.75304,0.9618,10.60026,0.64886
309,31.241,0.84741,1.72768,0.96123,10.45411,0.64815
310,31.337,0.84576,1.7154,0.9608,10.30784,0.64707
311,31.415,0.84359,1.709,0.96032,10.16159,0.64891
312,31.496,0.84129,1.70247,0.95984,10.01383,0.65089
313,31.578,0.84015,1.69956,0.95944,9.86759,0.65262
314,31.67,0.83918,1.69215,0.95868,9.72003,0.6539
315,31.75,0.83846,1.68834,0.95813,9.57235,0.65566
316,31.841,0.83858,1.68495,0.95784,9.42474,0.65696
317,31.923,0.83967,1.67574,0.95744,9.27763,0.65779
318,32.004,0.84015,1.65928,0.95704,9.13139,0.6585
319,32.091,0.83964,1.65016,0.95678,8.98626,0.65973
320,32.181,0.83901,1.6562,0.95648,8.8427,0.66085
321,32.275,0.83676,1.65416,0.95549,8.69998,0.66208
322,32.354,0.83556,1.64477,0.95509,8.55843,0.66296
323,32.432,0.83452,1.64582,0.95501,8.41873,0.6638
324,32.51,0.83289,1.65285,0.9548,8.28082,0.6636
325,32.589,0.83074,1.65476,0.95481,8.1455,0.6658
326,32.669,0.82654,1.64969,0.95417,8.01177,0.66818
327,32.748,0.82368,1.65307,0.95407,7.88024,0.6705
328,32.827,0.82013,1.65078,0.9539,7.7508,0.67231
329,32.906,0.81567,1.64096,0.95393,7.62418,0.67553
330,32.987,0.81216,1.62443,0.95414,7.50041,0.67629
331,33.08,0.80767,1.60098,0.95334,7.37847,0.67918
332,33.16,0.80373,1.584,0.95334,7.25973,0.68197
333,33.238,0.7987,1.55831,0.95314,7.14472,0.68628
334,33.318,0.79367,1.53841,0.95326,7.03286,0.68911
335,33.397,0.78863,1.52121,0.95364,6.92545,0.6913
336,33.477,0.7839,1.51137,0.95319,6.82116,0.69335
337,33.557,0.77807,1.50437,0.95342,6.72148,0.69569
338,33.637,0.77456,1.49398,0.9534,6.62593,0.69737
339,33.732,0.77046,1.48706,0.95318,6.53255,0.69908
340,33.813,0.76591,1.48348,0.95314,6.44281,0.69715
341,33.925,0.7604,1.47057,0.95282,6.35661,0.69812
342,34.021,0.75583,1.45587,0.95325,6.27283,0.6987
343,34.12,0.75186,1.43793,0.95322,6.19157,0.69937
344,34.212,0.74865,1.42289,0.95265,6.11242,0.69889
345,34.309,0.74503,1.41826,0.9528,6.03572,0.69847
346,34.404,0.74001,1.41416,0.9534,5.96348,0.69915
347,34.499,0.73552,1.40838,0.95334,5.89357,0.69989
348,34.594,0.73095,1.39968,0.95409,5.82693,0.70101
349,34.688,0.72871,1.38127,0.95443,5.76207,0.70158
350,34.782,0.72227,1.35768,0.95476,5.70136,0.70388
351,34.881,0.71987,1.33013,0.95487,5.64277,0.70269
352,34.973,0.71629,1.30885,0.95543,5.58732,0.7041
353,35.066,0.71159,1.29151,0.95506,5.53366,0.70492
354,35.153,0.70889,1.27554,0.95536,5.48147,0.70548
355,35.248,0.70667,1.25983,0.95616,5.43229,0.7067
356,35.326,0.70416,1.24445,0.95662,5.3843,0.70729
357,35.404,0.70306,1.23558,0.95701,5.33782,0.70787
358,35.483,0.70008,1.22998,0.95699,5.29244,0.70911
359,35.562,0.69731,1.23263,0.95745,5.24971,0.71062
360,35.642,0.69446,1.23841,0.95795,5.20718,0.71241
361,35.734,0.69243,1.24157,0.95813,5.16628,0.714
362,35.814,0.68952,1.22719,0.95844,5.12667,0.71564
363,35.913,0.68624,1.21616,0.95896,5.08611,0.71715
364,36.01,0.68297,1.20987,0.9587,5.04565,0.71775
365,36.113,0.68136,1.19901,0.9583,5.0066,0.71977
366,36.194,0.68024,1.18978,0.95836,4.96819,0.72072
367,36.294,0.67858,1.17506,0.95867,4.93066,0.7222
368,36.391,0.67754,1.16252,0.9592,4.89294,0.72415
369,36.483,0.67523,1.15287,0.95978,4.8552,0.72591
370,36.578,0.67418,1.14487,0.96012,4.81837,0.72731
371,36.66,0.67213,1.13614,0.9604,4.78078,0.72899
372,36.73,0.67121,1.12759,0.96041,4.74255,0.72896
373,36.81,0.67067,1.13073,0.96047,4.70419,0.7286
374,36.904,0.66865,1.13464,0.96066,4.6661,0.72813
375,36.981,0.66881,1.13354,0.96125,4.62756,0.72803
376,37.061,0.66857,1.1274,0.96097,4.58847,0.72786
377,37.155,0.66692,1.11674,0.96141,4.5503,0.7256
378,37.233,0.66856,1.10005,0.96256,4.51288,0.72492
379,37.314,0.66955,1.08038,0.9628,4.47505,0.72132
380,37.392,0.67207,1.07023,0.9633,4.43762,0.72069
381,37.47,0.67496,1.0703,0.96406,4.39949,0.72287
382,37.548,0.67749,1.0805,0.96457,4.36207,0.72305
383,37.629,0.67787,1.0925,0.9652,4.32481,0.72369
384,37.722,0.67843,1.08592,0.96607,4.28696,0.72557
385,37.799,0.67937,1.07804,0.96627,4.249,0.72392
386,37.878,0.68029,1.07934,0.96666,4.2112,0.72317
387,37.958,0.68239,1.07701,0.96707,4.17391,0.72209
388,38.038,0.68431,1.06655,0.96752,4.13685,0.72108
389,38.115,0.68642,1.05796,0.96803,4.10133,0.71988
390,38.192,0.6875,1.04698,0.96884,4.06646,0.7169
391,38.273,0.69084,1.02649,0.96947,4.03214,0.71492
392,38.353,0.69149,1.00901,0.97027,3.99935,0.71134
393,38.432,0.6962,0.99968,0.97068,3.96551,0.70923
394,38.508,0.70001,0.99833,0.97161,3.93232,0.70718
395,38.588,0.70347,0.98085,0.97208,3.90095,0.70566
396,38.668,0.70522,0.96419,0.97241,3.87037,0.70279
397,38.746,0.70966,0.96248,0.97317,3.8396,0.70111
398,38.825,0.71274,0.95731,0.97345,3.80743,0.69991
399,38.907,0.71464,0.95483,0.9739,3.77532,0.69899
400,39.0,0.71848,0.95943,0.97375,3.7434,0.6975
401,39.077,0.72061,0.9625,0.97416,3.71329,0.6967
402,39.16,0.72253,0.95817,0.97442,3.68447,0.69647
403,39.261,0.72444,0.95627,0.97483,3.6576,0.69658
404,39.355,0.72452,0.95948,0.97522,3.63125,0.69722
405,39.451,0.72435,0.95789,0.97514,3.60681,0.6978
406,39.544,0.72336,0.94954,0.97543,3.58255,0.69863
407,39.639,0.72268,0.92452,0.97576,3.55886,0.6991
408,39.733,0.72191,0.90208,0.97597,3.53529,0.69953
409,39.829,0.72231,0.88989,0.97628,3.51186,0.69983
410,39.925,0.72162,0.89005,0.97629,3.48931,0.701
411,40.02,0.71912,0.88326,0.97684,3.467,0.70312
412,40.107,0.71706,0.88212,0.97696,3.44442,0.70523
413,40.187,0.71464,0.88377,0.97738,3.42266,0.70755
414,40.264,0.71393,0.88008,0.97766,3.40085,0.70925
415,40.343,0.71462,0.87871,0.97789,3.37929,0.71055
416,40.422,0.71459,0.87968,0.97813,3.35799,0.71239
417,40.502,0.71317,0.87834,0.97822,3.33748,0.71488
418,40.581,0.71273,0.87472,0.97852,3.31758,0.71765
419,40.66,0.71272,0.86683,0.97914,3.29913,0.72045
420,40.741,0.71218,0.85314,0.97937,3.2821,0.72335
421,40.834,0.71275,0.83694,0.9798,4.20541,0.72621
422,40.915,0.71231,0.81716,0.9801,4.19385,0.72941
423,40.994,0.71333,0.80773,0.97955,4.18346,0.73221
424,41.074,0.71441,0.80043,0.97994,8.52585,0.73624
425,41.151,0.71562,0.79216,0.98034,11.76688,0.74059
426,41.231,0.71686,0.78748,0.98072,11.76548,0.74514
427,41.311,0.71774,0.79038,0.98099,15.08156,0.74994
428,41.39,0.72004,0.78278,0.98134,18.39197,0.7535
429,41.47,0.72557,0.77219,0.98216,21.67995,0.75496
430,41.548,0.72924,0.76766,0.98259,31.00438,0.75654
431,41.629,0.73152,0.7682,0.98272,43.37805,0.75829
432,41.708,0.7329,0.76772,0.98355,65.49532,0.76057
433,41.785,0.73613,0.76438,0.98397,73.16811,0.76228
434,41.871,0.7388,0.7665,0.98407,58.68305,0.76395
435,41.966,0.73984,0.77261,0.98416,31.38281,0.76641
436,42.057,0.74101,0.76914,0.98411,12.12833,0.76906
437,42.141,0.74208,0.76579,0.98451,8.76273,0.77131
438,42.236,0.74296,0.74607,0.98456,5.5683,0.77243
439,42.333,0.74353,0.72065,0.98493,4.15905,0.77256
440,42.427,0.74494,0.70263,0.98508,3.02915,0.77175
441,42.524,0.7455,0.69351,0.98532,3.01654,0.7707
442,42.619,0.74724,0.68448,0.98528,3.00481,0.76988
443,42.716,0.74852,0.68417,0.98512,2.99486,0.76668
444,42.811,0.74919,0.68346,0.98525,2.9853,0.76594
445,42.902,0.74979,0.6838,0.98499,2.97709,0.76016
446,42.994,0.74812,0.68605,0.98487,2.97026,0.75734
447,43.084,0.74786,0.69298,0.98451,2.96455,0.75366
448,43.162,0.74775,0.69009,0.98443,2.95908,0.75083
449,43.24,0.74755,0.69236,0.98449,2.95314,0.749
450,43.322,0.74702,0.69952,0.98462,2.94584,0.74528
451,43.4,0.74616,0.70284,0.98422,2.93907,0.74253
452,43.478,0.74538,0.69955,0.98402,2.93074,0.73926
453,43.562,0.74628,0.7022,0.98374,2.92189,0.73913
454,43.661,0.74652,0.70321,0.98405,2.9133,0.73763
455,43.755,0.74777,0.70573,0.98391,2.90414,0.73629
456,43.849,0.74732,0.71457,0.98389,2.89489,0.73462
457,43.942,0.74698,0.72877,0.9839,2.88491,0.73131
458,44.032,0.74558,0.72736,0.98379,2.87453,0.73039
459,44.115,0.74339,0.71483,0.98391,2.86551,0.7307
460,44.199,0.74439,0.70947,0.98413,2.85812,0.7297
461,44.296,0.74599,0.71302,0.98421,2.85094,0.72756
462,44.392,0.74719,0.71147,0.98456,2.84399,0.72843
463,44.485,0.74836,0.69757,0.98448,2.83643,0.72913
464,44.577,0.74943,0.68968,0.98473,2.82896,0.72991
465,44.672,0.74983,0.6915,0.98492,2.82113,0.73003
466,44.749,0.75262,0.69203,0.9854,2.81293,0.72998
467,44.83,0.75288,0.69141,0.98578,2.80524,0.73058
468,44.907,0.75535,0.68631,0.98639,2.79711,0.73082
469,44.989,0.7571,0.67859,0.98682,2.78891,0.73039
470,45.084,0.75877,0.67509,0.98712,2.78146,0.72985
471,45.18,0.7599,0.67821,0.98738,2.77237,0.72959
472,45.257,0.7611,0.68242,0.98735,2.76242,0.72801
473,45.374,0.76054,0.67509,0.98766,2.75243,0.72845
474,45.468,0.76117,0.66641,0.98809,2.74405,0.72849
475,45.567,0.76201,0.65531,0.98869,2.73627,0.72789
476,45.661,0.76198,0.64878,0.98918,2.7283,0.72837
477,45.756,0.7624,0.64195,0.98933,2.71998,0.72741
478,45.85,0.76169,0.63448,0.98946,2.71034,0.72662
479,45.937,0.76069,0.6347,0.98947,2.70007,0.72435
480,46.017,0.76048,0.63693,0.98997,2.69072,0.72357
481,46.096,0.75874,0.63396,0.99051,2.68169,0.72309
482,46.177,0.75842,0.61996,0.99052,2.67172,0.71824
483,46.254,0.75796,0.61396,0.99071,2.66206,0.7164
484,46.335,0.75774,0.61753,0.99089,2.65148,0.71472
485,46.414,0.75813,0.62731,0.99116,2.64058,0.71299
486,46.492,0.75714,0.62995,0.99125,2.62847,0.71158
487,46.572,0.75526,0.63591,0.99138,2.6146,0.71054
488,46.675,0.75217,0.64584,0.99139,2.59944,0.7101
489,46.768,0.75056,0.64883,0.99149,2.58354,0.70971
490,46.863,0.74794,0.65309,0.99147,2.56569,0.70898
491,46.95,0.74532,0.65863,0.9914,2.54619,0.70841
492,47.031,0.74095,0.66137,0.99157,2.52647,0.70862
493,47.111,0.73589,0.66126,0.99161,2.50573,0.70876
494,47.187,0.73054,0.65613,0.9916,2.48412,0.70924
495,47.273,0.72641,0.65276,0.99129,2.46122,0.70977
496,47.364,0.72035,0.65693,0.99107,2.4382,0.71143
497,47.442,0.71561,0.65745,0.99087,2.41341,0.7128
498,47.521,0.70831,0.65374,0.99065,2.38799,0.71538
499,47.623,0.70131,0.65093,0.9904,2.3622,0.7187
500,47.731,0.6959,0.64567,0.99016,2.33702,0.72138
501,47.82,0.69019,0.65229,0.99014,2.31362,0.72374
502,47.901,0.68564,0.65834,0.98984,2.29189,0.7252
503,48.025,0.68163,0.655,0.98983,2.2703,0.72662
504,48.131,0.67806,0.64965,0.98909,2.25153,0.7278
505,48.221,0.675,0.64252,0.98893,2.23271,0.72927
506,48.299,0.67082,0.63617,0.98864,2.2155,0.73004
507,48.421,0.66776,0.62893,0.98832,2.1979,0.72989
508,48.525,0.66417,0.62548,0.98773,2.1814,0.73123
509,48.615,0.66157,0.62215,0.98781,2.16582,0.7314
510,48.715,0.66003,0.61069,0.9876,2.15023,0.73059
511,48.849,0.65792,0.59481,0.98772,2.13799,0.73162
512,48.931,0.655,0.58801,0.9876,2.12572,0.73264
513,49.011,0.65229,0.58873,0.98746,2.1144,0.73253
514,49.088,0.65004,0.58533,0.98757,2.10408,0.73494
515,49.168,0.64826,0.57447,0.98784,2.09702,0.73631
516,49.249,0.64643,0.56813,0.98824,2.09084,0.73866
517,49.348,0.6437,0.56062,0.98813,2.08591,0.74192
518,49.442,0.64025,0.5681,0.98816,2.08177,0.74511
519,49.539,0.63751,0.58095,0.98828,2.07909,0.74882
520,49.633,0.63707,0.57864,0.98815,2.07847,0.75215
521,49.729,0.635,0.56981,0.98854,2.07838,0.75657
522,49.824,0.63489,0.56102,0.98886,2.07949,0.76059
523,49.922,0.63306,0.55791,0.98865,2.08179,0.76413
524,50.016,0.63295,0.56633,0.98911,2.08583,0.76714
525,50.11,0.63305,0.56435,0.98941,2.09034,0.76783
526,50.202,0.63347,0.5642,0.98961,2.09535,0.76643
527,50.297,0.63638,0.56759,0.98942,2.10022,0.765
528,50.388,0.63821,0.57125,0.98964,2.10632,0.76428
529,50.471,0.64101,0.56845,0.99007,2.11278,0.76335
530,50.567,0.64328,0.56267,0.99028,2.11906,0.76237
531,50.669,0.64529,0.55888,0.99058,2.12489,0.7617
532,50.763,0.64799,0.56066,0.99026,2.13116,0.76071
533,50.858,0.65009,0.55541,0.9906,2.13619,0.76029
534,50.943,0.6527,0.5572,0.99092,2.14072,0.75953
535,51.038,0.65572,0.56163,0.99133,2.14418,0.75913
536,51.132,0.65859,0.56471,0.99163,2.14837,0.75785
537,51.248,0.66242,0.56772,0.99174,2.15236,0.75546
538,51.345,0.66477,0.57117,0.99157,2.15636,0.75382
539,51.429,0.66879,0.57771,0.99168,2.16061,0.75206
540,51.521,0.67186,0.5832,0.99198,2.16579,0.75067
541,51.601,0.67531,0.58766,0.99215,2.17071,0.74935
542,51.68,0.67822,0.59449,0.99233,2.17639,0.7479
543,51.76,0.68043,0.59444,0.99231,2.18358,0.74635
544,51.84,0.68355,0.59145,0.99241,2.19173,0.74468
545,51.918,0.68743,0.59272,0.99244,2.2013,0.74306
546,51.997,0.69123,0.59327,0.99258,2.21067,0.74111
547,52.076,0.69664,0.59548,0.99272,2.22042,0.73893
548,52.152,0.70165,0.59334,0.99295,2.23003,0.73646
549,52.232,0.70541,0.58579,0.99298,2.23807,0.73418
550,52.311,0.71032,0.57966,0.99309,2.24709,0.73028
551,52.391,0.71475,0.57812,0.99323,2.2566,0.7277
552,52.469,0.719,0.58359,0.99331,2.26651,0.72531
553,52.569,0.72474,0.5896,0.99335,2.27691,0.7225
554,52.68,0.72909,0.58922,0.99359,2.28712,0.72188
555,52.767,0.73461,0.58844,0.99388,2.29653,0.7181
556,52.848,0.7383,0.5944,0.99408,2.3056,0.71574
557,52.928,0.74402,0.59916,0.99433,2.31464,0.71311
558,53.051,0.74984,0.59858,0.99439,2.32336,0.71066
559,53.154,0.75437,0.59603,0.99469,2.33127,0.71059
560,53.243,0.76086,0.59903,0.99498,2.33977,0.70789
561,53.323,0.76626,0.60311,0.99523,2.34792,0.70631
562,53.447,0.77223,0.60582,0.99539,2.35507,0.70517
563,53.554,0.77482,0.60173,0.99546,2.36268,0.70469
564,53.644,0.77788,0.60228,0.99567,2.36992,0.70399
565,53.735,0.78214,0.6104,0.99557,2.377,0.70312
566,53.817,0.78672,0.61994,0.99577,2.38166,0.70241
567,53.909,0.78925,0.62305,0.9958,2.38635,0.70227
568,53.99,0.79156,0.62096,0.99568,2.3911,0.70133
569,54.086,0.79461,0.61864,0.99576,2.39453,0.70053
570,54.18,0.79583,0.62107,0.99577,2.39662,0.70197
571,54.275,0.79817,0.62566,0.99594,2.39704,0.70335
572,54.353,0.80216,0.62491,0.99597,2.39701,0.70349
573,54.504,0.80338,0.62045,0.99607,2.39584,0.70438
574,54.627,0.80423,0.61124,0.99608,2.39352,0.70548
